k,cum_lower_iters,cum_ad_iters,cum_runtime,lower_iters,ad_iters,L,mu,upper_obj,lower_obj,norm_upper_grad
0,29998,236,1641.934469,29998,236,44.79380798339844,0.002,0.5690273642539978,0.4510277509689331,0.0008891584002412856
1,29999,472,1648.791299,1,236,44.79381561279297,0.002,0.569027304649353,0.4510123133659363,0.0008891572942957282
2,30005,708,1656.149858,6,236,44.793819427490234,0.002,0.5690264701843262,0.45099690556526184,0.0008891523466445506
3,30017,944,1663.51858,12,236,44.7938232421875,0.002,0.569024384021759,0.45098140835762024,0.0008891421020962298
4,30033,1180,1670.870502,16,236,44.793819427490234,0.002,0.5690208673477173,0.4509659707546234,0.0008891262114048004
5,30052,1416,1678.105395,19,236,44.7938232421875,0.002,0.5690160989761353,0.450950562953949,0.0008891059551388025
6,30073,1652,1685.425407,21,236,44.7938232421875,0.002,0.569010317325592,0.45093509554862976,0.0008890816825442016
7,30095,1888,1693.071906,22,236,44.79383087158203,0.002,0.5690036416053772,0.45091956853866577,0.0008890542085282505
8,30118,2124,1700.49803,23,236,44.79383087158203,0.002,0.5689961910247803,0.45090416073799133,0.0008890241733752191
9,30142,2360,1709.064803,24,236,44.79383087158203,0.002,0.5689877867698669,0.4508886933326721,0.0008889912278391421
10,30166,2596,1716.503373,24,236,44.7938346862793,0.002,0.5689787864685059,0.4508732557296753,0.0008889563614502549
11,30190,2832,1724.256877,24,236,44.7938346862793,0.002,0.5689693689346313,0.4508577287197113,0.0008889191667549312
12,30214,3068,11573.351874,24,236,44.7938346862793,0.002,0.5689595937728882,0.4508422315120697,0.000888880982529372
13,30238,3304,11581.37474,24,236,44.7938346862793,0.002,0.568949282169342,0.45082682371139526,0.0008888415759429336
14,30262,3540,11589.768964,24,236,44.79384231567383,0.002,0.5689385533332825,0.4508112967014313,0.0008887987933121622
15,30286,3776,11597.564612,24,236,44.79384231567383,0.002,0.5689274668693542,0.45079588890075684,0.0008887569420039654
16,30310,4012,11605.598026,24,236,44.793846130371094,0.002,0.5689160823822021,0.45078039169311523,0.0008887134026736021
17,30334,4248,11616.966186,24,236,44.793846130371094,0.002,0.5689042806625366,0.45076486468315125,0.0008886680006980896
18,30357,4484,11628.368215,23,236,44.793853759765625,0.002,0.5688925981521606,0.4507494568824768,0.0008886239374987781
19,30380,4720,11636.796404,23,236,44.79384994506836,0.002,0.5688807368278503,0.45073404908180237,0.0008885794086381793
20,30404,4956,11645.495404,24,236,44.793853759765625,0.002,0.568868100643158,0.4507185220718384,0.0008885310962796211
21,30427,5192,11653.013976,23,236,44.793853759765625,0.002,0.5688555240631104,0.45070308446884155,0.0008884842391125858
22,30450,5428,11660.464561,23,236,44.793853759765625,0.002,0.5688428282737732,0.45068761706352234,0.0008884351700544357
23,30473,5664,11668.068494,23,236,44.793861389160156,0.002,0.5688297748565674,0.4506721496582031,0.0008883867412805557
24,30495,5900,11675.237826,22,236,44.793861389160156,0.002,0.568817138671875,0.4506566524505615,0.0008883386617526412
25,30518,6136,11682.582224,23,236,44.793861389160156,0.002,0.568803608417511,0.4506411552429199,0.0008882875554263592
26,30540,6372,11689.877229,22,236,44.793861389160156,0.002,0.5687905550003052,0.45062577724456787,0.0008882389520294964
27,30562,6608,11697.204413,22,236,44.79386901855469,0.002,0.5687770843505859,0.45061030983924866,0.0008881888934411108
28,30584,6844,11704.400427,22,236,44.79386901855469,0.002,0.5687635540962219,0.45059484243392944,0.0008881384856067598
29,30606,7080,11711.565261,22,236,44.79386901855469,0.002,0.568749725818634,0.4505794048309326,0.0008880860405042768
30,30628,7316,11718.742244,22,236,44.79386901855469,0.002,0.5687358379364014,0.450563907623291,0.0008880330133251846
31,30650,7552,11725.975418,22,236,44.79386901855469,0.002,0.5687216520309448,0.4505484700202942,0.0008879796951077878
32,30672,7788,11733.153476,22,236,44.79386901855469,0.002,0.568707287311554,0.4505329728126526,0.0008879257366061211
33,30693,8024,11740.355023,21,236,44.79387283325195,0.002,0.5686934590339661,0.45051753520965576,0.0008878744556568563
34,30714,8260,11747.673516,21,236,44.79387283325195,0.002,0.5686795115470886,0.45050203800201416,0.0008878220105543733
35,30736,8496,11755.936001,22,236,44.79387283325195,0.002,0.5686646103858948,0.45048660039901733,0.0008877668296918273
36,30757,8732,11763.148809,21,236,44.79387664794922,0.002,0.5686502456665039,0.45047107338905334,0.0008877126383595169
37,30778,8968,11770.398293,21,236,44.793880462646484,0.002,0.5686356425285339,0.4504556357860565,0.0008876594947651029
38,30799,9204,11777.614968,21,236,44.793880462646484,0.002,0.568621039390564,0.4504401683807373,0.0008876050123944879
39,30820,9440,11784.843206,21,236,44.793880462646484,0.002,0.5686063170433044,0.4504246711730957,0.0008875492494553328
40,30841,9676,11792.072877,21,236,44.793880462646484,0.002,0.5685913562774658,0.4504092335700989,0.0008874940103851259
41,30861,9912,11799.22358,20,236,44.793888092041016,0.002,0.5685769319534302,0.4503937065601349,0.0008874418563209474
42,30882,10148,11806.500986,21,236,44.79388427734375,0.002,0.5685617923736572,0.45037832856178284,0.000887384929228574
43,30903,10384,11814.020558,21,236,44.79388427734375,0.002,0.5685463547706604,0.450362890958786,0.000887328467797488
44,30923,10620,11821.238338,20,236,44.793888092041016,0.002,0.5685315132141113,0.4503474235534668,0.0008872734615579247
45,30943,10856,11828.927794,20,236,44.793888092041016,0.002,0.568516731262207,0.4503319561481476,0.000887218106072396
46,30964,11092,11836.259346,21,236,44.793888092041016,0.002,0.5685009360313416,0.45031654834747314,0.0008871593163348734
47,30984,11328,11843.666766,20,236,44.793888092041016,0.002,0.5684857964515686,0.45030105113983154,0.0008871033205650747
48,31004,11564,11850.946244,20,236,44.793888092041016,0.002,0.5684705972671509,0.45028552412986755,0.0008870480814948678
49,31024,11800,19759.814592,20,236,44.793888092041016,0.002,0.5684552788734436,0.4502701163291931,0.0008869910379871726
50,31044,12036,19771.77943,20,236,44.793888092041016,0.002,0.568439781665802,0.4502546489238739,0.0008869332377798855
51,31064,12272,19780.505327,20,236,44.79389190673828,0.002,0.5684242248535156,0.4502391219139099,0.0008868768927641213
52,31084,12508,19789.765173,20,236,44.793888092041016,0.002,0.5684086680412292,0.4502236843109131,0.0008868190343491733
53,31104,12744,19798.301782,20,236,44.79389953613281,0.002,0.568392813205719,0.45020824670791626,0.0008867614669725299
54,31123,12980,19807.297493,19,236,44.79389190673828,0.002,0.5683777332305908,0.45019280910491943,0.0008867058204486966
55,31143,13216,19816.521118,20,236,44.79389190673828,0.002,0.5683618187904358,0.45017731189727783,0.0008866471471264958
56,31163,13452,19824.773414,20,236,44.79389572143555,0.002,0.5683457255363464,0.4501619040966034,0.000886587193235755
57,31182,13688,19832.865229,19,236,44.79389572143555,0.002,0.5683303475379944,0.45014646649360657,0.000886532012373209
58,31202,13924,19840.675577,20,236,44.79389572143555,0.002,0.5683140754699707,0.45013096928596497,0.0008864705450832844
59,31221,14159,19848.213326,19,235,44.79389953613281,0.002,0.5682985782623291,0.4501155614852905,0.0008838772191666067
60,31240,14394,19855.753285,19,235,44.79389572143555,0.002,0.5682829022407532,0.4501000940799713,0.0008838194771669805
61,31260,14629,19863.305379,20,235,44.79389953613281,0.002,0.5682663917541504,0.4500846862792969,0.000883758591953665
62,31279,14864,19870.837914,19,235,44.79389572143555,0.002,0.5682505965232849,0.45006927847862244,0.0008837009081616998
63,31298,15099,19878.339832,19,235,44.79389572143555,0.002,0.5682347416877747,0.4500538408756256,0.0008836432825773954
64,31317,15334,19885.863624,19,235,44.79389572143555,0.002,0.5682188272476196,0.45003843307495117,0.0008835859480313957
65,31336,15569,19893.377354,19,235,44.79389572143555,0.002,0.5682028532028198,0.45002302527427673,0.0008835262851789594
66,31355,15804,19900.891103,19,235,44.79389953613281,0.002,0.5681867599487305,0.4500076174736023,0.0008834665059112012
67,31374,16039,19908.374529,19,235,44.79389572143555,0.002,0.5681704878807068,0.44999217987060547,0.0008834075997583568
68,31393,16274,19915.852575,19,235,44.79389953613281,0.002,0.5681543350219727,0.44997674226760864,0.000883348984643817
69,31412,16509,19923.366273,19,235,44.79389572143555,0.002,0.5681379437446594,0.4499613642692566,0.0008832889725454152
70,31431,16744,19930.86385,19,235,44.79389953613281,0.002,0.5681215524673462,0.44994592666625977,0.0008832287276163697
71,31449,16979,19938.379453,18,235,44.79389572143555,0.002,0.568105936050415,0.4499305486679077,0.0008831724990159273
72,31468,17214,19946.063814,19,235,44.79389572143555,0.002,0.5680893659591675,0.4499151110649109,0.0008831119048409164
73,31487,17449,19953.572585,19,235,44.79389953613281,0.002,0.5680726766586304,0.44989970326423645,0.0008830508450046182
74,31505,17684,19961.316314,18,235,44.79389953613281,0.002,0.5680570006370544,0.4498843252658844,0.000882993103004992
75,31524,17919,19969.740306,19,235,44.79389572143555,0.002,0.5680401921272278,0.4498688578605652,0.0008829311118461192
76,31543,18154,19977.333921,19,235,44.79389953613281,0.002,0.5680233240127563,0.4498535096645355,0.000882870692294091
77,31561,18389,19985.272182,18,235,44.79389953613281,0.002,0.5680073499679565,0.44983798265457153,0.0008828119025565684
78,31580,18624,19992.894498,19,235,44.79389953613281,0.002,0.5679903626441956,0.44982266426086426,0.0008827503770589828
79,31598,18859,20000.50888,18,235,44.79389572143555,0.002,0.5679743885993958,0.4498072564601898,0.0008826928096823394
80,31616,19094,20008.021252,18,235,44.79389953613281,0.002,0.5679581165313721,0.4497917890548706,0.0008826325065456331
81,31635,19329,20015.639184,19,235,44.79389572143555,0.002,0.5679410099983215,0.44977644085884094,0.0008825696422718465
82,31653,19564,20023.163738,18,235,44.79389572143555,0.002,0.5679246783256531,0.4497610032558441,0.0008825102122500539
83,31671,19799,20030.794931,18,235,44.79389572143555,0.002,0.5679084062576294,0.4497455954551697,0.0008824504329822958
84,31690,20034,20038.422113,19,235,44.79389190673828,0.002,0.5678910613059998,0.44973015785217285,0.0008823864627629519
85,31708,20269,20046.028197,18,235,44.79389572143555,0.002,0.5678746104240417,0.4497148096561432,0.0008823263924568892
86,31726,20504,20053.664279,18,235,44.79389572143555,0.002,0.5678580403327942,0.449699342250824,0.0008822671370580792
87,31744,20739,20061.881242,18,235,44.79389190673828,0.002,0.5678414702415466,0.44968393445014954,0.0008822063682600856
88,31762,20974,20070.874505,18,235,44.793888092041016,0.002,0.5678247809410095,0.4496685564517975,0.0008821459487080574
89,31780,21209,20079.045169,18,235,44.793888092041016,0.002,0.5678081512451172,0.44965314865112305,0.0008820854127407074
90,31798,21444,20087.105298,18,235,44.793888092041016,0.002,0.5677914023399353,0.44963768124580383,0.0008820245275273919
91,31816,21679,20095.159281,18,235,44.793888092041016,0.002,0.5677745938301086,0.4496222138404846,0.0008819621871225536
92,31834,21914,20103.163016,18,235,44.793888092041016,0.002,0.567757785320282,0.44960686564445496,0.0008819013019092381
93,31852,22149,20111.128762,18,235,44.793888092041016,0.002,0.5677409172058105,0.4495914876461029,0.0008818403002806008
94,31870,22384,20119.114967,18,235,44.793888092041016,0.002,0.5677240490913391,0.44957607984542847,0.0008817787165753543
95,31888,22619,20127.100533,18,235,44.793888092041016,0.002,0.5677070021629333,0.44956064224243164,0.0008817173074930906
96,31906,22854,20135.006116,18,235,44.79388427734375,0.002,0.5676900148391724,0.449545294046402,0.0008816547342576087
97,31924,23089,20142.718914,18,235,44.79388427734375,0.002,0.5676729679107666,0.44952982664108276,0.0008815936744213104
98,31942,23324,20150.345005,18,235,44.79388427734375,0.002,0.5676558613777161,0.44951438903808594,0.0008815306355245411
99,31960,23559,20158.026175,18,235,44.793888092041016,0.002,0.5676386952400208,0.4494990110397339,0.0008814694592729211
100,31978,23794,20165.618632,18,235,44.793880462646484,0.002,0.5676215291023254,0.4494836628437042,0.0008814064785838127
101,31995,24029,20173.169399,17,235,44.793880462646484,0.002,0.5676052570343018,0.4494682252407074,0.0008813465246930718
102,32013,24264,20180.800319,18,235,44.793880462646484,0.002,0.5675879716873169,0.44945278763771057,0.000881284533534199
103,32031,24499,20188.341054,18,235,44.79387283325195,0.002,0.567570686340332,0.44943737983703613,0.0008812221349216998
104,32048,24734,20195.896746,17,235,44.79387283325195,0.002,0.567554235458374,0.4494219720363617,0.000881161424331367
105,32066,24969,20203.487092,18,235,44.79387664794922,0.002,0.5675368905067444,0.4494065046310425,0.0008810992003418505
106,32084,25204,20211.055295,18,235,44.79387283325195,0.002,0.5675193667411804,0.4493911564350128,0.0008810360450297594
107,32101,25439,20218.584116,17,235,44.79386901855469,0.002,0.5675028562545776,0.449375718832016,0.0008809746941551566
108,32119,25674,20226.153931,18,235,44.79387283325195,0.002,0.5674853324890137,0.44936028122901917,0.0008809115970507264
109,32137,25909,20233.714452,18,235,44.79386901855469,0.002,0.5674678087234497,0.4493449032306671,0.0008808473357930779
110,32154,26144,20241.254357,17,235,44.79386901855469,0.002,0.5674512386322021,0.44932955503463745,0.0008807855192571878
111,32172,26379,20249.014395,18,235,44.79386901855469,0.002,0.5674335360527039,0.4493141174316406,0.0008807217236608267
112,32189,26614,20256.593346,17,235,44.79386520385742,0.002,0.5674169063568115,0.4492986798286438,0.0008806614205241203
113,32207,26849,20264.153991,18,235,44.79386520385742,0.002,0.5673991441726685,0.44928330183029175,0.0008805962861515582
114,32224,27084,20271.707466,17,235,44.79386520385742,0.002,0.5673823952674866,0.4492678940296173,0.0008805352845229208
115,32242,27319,20279.273598,18,235,44.793861389160156,0.002,0.5673645734786987,0.4492524266242981,0.0008804702083580196
116,32259,27553,20286.786148,17,234,44.793861389160156,0.002,0.5673477649688721,0.44923704862594604,0.0008778735063970089
117,32276,27787,20294.305269,17,234,44.793853759765625,0.002,0.5673309564590454,0.4492217004299164,0.000877812912221998
118,32294,28021,20301.814011,18,234,44.79385757446289,0.002,0.567313015460968,0.4492063522338867,0.0008777478942647576
119,32311,28255,20309.306041,17,234,44.793853759765625,0.002,0.5672960877418518,0.4491909444332123,0.0008776855538599193
120,32328,28489,20316.767289,17,234,44.79384994506836,0.002,0.5672791600227356,0.4491755962371826,0.0008776242029853165
121,32346,28723,20324.308667,18,234,44.79384994506836,0.002,0.5672611594200134,0.44916030764579773,0.0008775589521974325
122,32363,28957,20331.865724,17,234,44.793846130371094,0.002,0.5672441124916077,0.4491448998451233,0.0008774957968853414
123,32380,29191,20339.385093,17,234,44.793846130371094,0.002,0.5672270655632019,0.44912952184677124,0.0008774335728958249
124,32398,29425,20347.048521,18,234,44.793846130371094,0.002,0.567209005355835,0.4491141438484192,0.0008773686131462455
125,32415,29659,20354.64538,17,234,44.79384231567383,0.002,0.5671918392181396,0.4490987956523895,0.0008773062145337462
126,32432,29893,20362.177195,17,234,44.79383850097656,0.002,0.5671747326850891,0.4490834176540375,0.0008772434084676206
127,32449,30127,20369.822839,17,234,44.7938346862793,0.002,0.5671575665473938,0.4490680694580078,0.0008771820575930178
128,32466,30361,20377.357163,17,234,44.7938346862793,0.002,0.5671403408050537,0.44905275106430054,0.0008771198918111622
129,32483,30595,20384.890307,17,234,44.7938346862793,0.002,0.5671231150627136,0.4490373432636261,0.0008770580170676112
130,32501,30829,20392.465848,18,234,44.79383087158203,0.002,0.5671047568321228,0.4490220248699188,0.000876991602126509
131,32518,31063,20400.093263,17,234,44.79383087158203,0.002,0.5670875310897827,0.4490066170692444,0.0008769283886067569
132,32535,31297,20407.629964,17,234,44.793827056884766,0.002,0.5670701861381531,0.4489913284778595,0.000876865757163614
133,32552,31531,20415.19865,17,234,44.7938232421875,0.002,0.567052960395813,0.44897598028182983,0.0008768017869442701
134,32569,31765,20422.738108,17,234,44.793819427490234,0.002,0.5670354962348938,0.4489605724811554,0.0008767392137087882
135,32586,31999,20430.301048,17,234,44.793819427490234,0.002,0.5670180916786194,0.4489452540874481,0.0008766755345277488
136,32603,32233,20437.985857,17,234,44.79381561279297,0.002,0.5670007467269897,0.4489298462867737,0.0008766119135543704
137,32620,32467,20445.504645,17,234,44.79381561279297,0.002,0.5669832229614258,0.4489145576953888,0.0008765491074882448
138,32637,32701,20453.068777,17,234,44.79380798339844,0.002,0.5669657588005066,0.44889917969703674,0.0008764853700995445
139,32654,32935,20460.935275,17,234,44.79380416870117,0.002,0.5669482946395874,0.4488837718963623,0.0008764208178035915
140,32671,33169,20468.511174,17,234,44.79380416870117,0.002,0.5669307708740234,0.44886845350265503,0.0008763578371144831
141,32688,33403,20476.069076,17,234,44.793800354003906,0.002,0.5669132471084595,0.44885313510894775,0.0008762937504798174
142,32705,33637,20483.626759,17,234,44.793800354003906,0.002,0.5668957233428955,0.4488377571105957,0.0008762291399762034
143,32722,33871,20491.205445,17,234,44.79379653930664,0.002,0.5668779611587524,0.44882240891456604,0.0008761649369262159
144,32739,34105,20498.788715,17,234,44.79379653930664,0.002,0.5668604373931885,0.4488070011138916,0.0008761002100072801
145,32756,34339,20506.438109,17,234,44.793792724609375,0.002,0.566842794418335,0.44879165291786194,0.0008760361233726144
146,32773,34573,20514.379511,17,234,44.79378890991211,0.002,0.5668250918388367,0.4487762451171875,0.0008759729098528624
147,32790,34807,20522.581475,17,234,44.793785095214844,0.002,0.5668074488639832,0.44876089692115784,0.000875909230671823
148,32807,35041,20530.455167,17,234,44.793785095214844,0.002,0.5667896866798401,0.4487455189228058,0.0008758447365835309
149,32824,35275,20538.370205,17,234,44.79378128051758,0.002,0.5667720437049866,0.4487302303314209,0.000875779427587986
150,32841,35509,20546.361253,17,234,44.79378128051758,0.002,0.5667542219161987,0.44871482253074646,0.0008757138857617974
151,32858,35743,20554.580788,17,234,44.79377365112305,0.002,0.5667365193367004,0.4486994445323944,0.0008756493916735053
152,32874,35977,20562.148931,16,234,44.79376983642578,0.002,0.5667198300361633,0.4486841559410095,0.000875587691552937
153,32891,36211,20569.8239,17,234,44.793766021728516,0.002,0.5667018890380859,0.4486687183380127,0.0008755245944485068
154,32908,36445,20577.433939,17,234,44.793766021728516,0.002,0.5666840672492981,0.44865337014198303,0.0008754593436606228
155,32925,36679,20585.050406,17,234,44.793766021728516,0.002,0.566666305065155,0.44863808155059814,0.0008753938600420952
156,32942,36913,20592.65017,17,234,44.79376220703125,0.002,0.5666483640670776,0.4486227035522461,0.0008753295987844467
157,32959,37147,20600.295926,17,234,44.793758392333984,0.002,0.5666305422782898,0.44860729575157166,0.0008752634166739881
158,32975,37381,20607.904964,16,234,44.79375457763672,0.002,0.5666136145591736,0.4485919773578644,0.0008752025896683335
159,32992,37615,20615.555473,17,234,44.79375076293945,0.002,0.5665956735610962,0.44857653975486755,0.0008751380955800414
160,33009,37849,20623.264613,17,234,44.79375076293945,0.002,0.566577672958374,0.44856125116348267,0.0008750719716772437
161,33026,38083,20630.831023,17,234,44.79374313354492,0.002,0.5665597915649414,0.448545902967453,0.0008750070119276643
162,33042,38317,20638.410481,16,234,44.793739318847656,0.002,0.5665428638458252,0.44853055477142334,0.000874944671522826
163,33059,38551,20646.082893,17,234,44.79373550415039,0.002,0.5665248036384583,0.4485152065753937,0.0008748795371502638
164,33076,38785,20653.83333,17,234,44.793731689453125,0.002,0.5665068030357361,0.4484998285770416,0.0008748138789087534
165,33093,39019,20661.444127,17,234,44.793731689453125,0.002,0.5664888024330139,0.44848448038101196,0.0008747472311370075
166,33109,39253,20669.016654,16,234,44.79372024536133,0.002,0.5664718151092529,0.4484691619873047,0.0008746852399781346
167,33126,39487,20676.711909,17,234,44.793724060058594,0.002,0.5664536356925964,0.448453813791275,0.0008746193489059806
168,33143,39721,20684.302922,17,234,44.79371643066406,0.002,0.5664355754852295,0.44843846559524536,0.0008745534578338265
169,33160,39955,20691.873107,17,234,44.7937126159668,0.002,0.5664175152778625,0.4484230875968933,0.0008744869264774024
170,33176,40188,20699.434813,16,233,44.79370880126953,0.002,0.5664004683494568,0.44840776920318604,0.0008718878962099552
171,33193,40421,20707.04394,17,233,44.79370880126953,0.002,0.5663823485374451,0.44839242100715637,0.0008718203171156347
172,33210,40654,20714.616572,17,233,44.793701171875,0.002,0.5663641095161438,0.4483770728111267,0.0008717546006664634
173,33226,40887,20722.154279,16,233,44.793697357177734,0.002,0.5663470029830933,0.44836175441741943,0.0008716924930922687
174,33243,41120,20729.768631,17,233,44.79369354248047,0.002,0.5663288235664368,0.44834649562835693,0.0008716271258890629
175,33259,41353,20737.343039,16,233,44.7936897277832,0.002,0.5663116574287415,0.4483310878276825,0.0008715640287846327
176,33276,41586,20744.889689,17,233,44.79368209838867,0.002,0.566293478012085,0.44831588864326477,0.0008714984287507832
177,33293,41819,20752.455907,17,233,44.79368209838867,0.002,0.5662752389907837,0.4483005404472351,0.0008714316063560545
178,33309,42052,20760.033458,16,233,44.793678283691406,0.002,0.5662581324577332,0.44828522205352783,0.0008713688584975898
179,33326,42285,20767.866521,17,233,44.793678283691406,0.002,0.5662397742271423,0.44826993346214294,0.0008713018614798784
180,33342,42518,20775.430372,16,233,44.793670654296875,0.002,0.566222608089447,0.4482545852661133,0.0008712389972060919
181,33359,42751,20783.001707,17,233,44.793663024902344,0.002,0.5662043690681458,0.4482392966747284,0.0008711730479262769
182,33375,42984,20790.548464,16,233,44.793663024902344,0.002,0.5661870241165161,0.44822394847869873,0.0008711089030839503
183,33392,43217,20798.149776,17,233,44.79365921020508,0.002,0.5661687254905701,0.44820863008499146,0.0008710409747436643
184,33408,43450,20805.696762,16,233,44.79365158081055,0.002,0.5661514401435852,0.44819337129592896,0.0008709778194315732
185,33425,43683,20813.220784,17,233,44.79364776611328,0.002,0.5661330819129944,0.4481780230998993,0.0008709122193977237
186,33442,43916,20820.774211,17,233,44.793643951416016,0.002,0.5661147236824036,0.44816267490386963,0.000870844756718725
187,33458,44149,20828.31576,16,233,44.79364013671875,0.002,0.5660974383354187,0.4481474459171295,0.0008707814267836511
188,33475,44382,20835.889835,17,233,44.793636322021484,0.002,0.5660790205001831,0.448132187128067,0.0008707143133506179
189,33491,44615,20843.55638,16,233,44.79362869262695,0.002,0.5660616755485535,0.44811683893203735,0.0008706501103006303
190,33508,44848,20851.412541,17,233,44.79362869262695,0.002,0.5660431981086731,0.4481014609336853,0.0008705829968675971
191,33524,45081,20858.988135,16,233,44.79362487792969,0.002,0.5660259127616882,0.448086142539978,0.0008705194341018796
192,33541,45314,20866.549586,17,233,44.793617248535156,0.002,0.5660074949264526,0.4480709433555603,0.0008704521460458636
193,33557,45547,20874.116639,16,233,44.793609619140625,0.002,0.5659902095794678,0.44805553555488586,0.0008703892235644162
194,33574,45780,20881.728657,17,233,44.793609619140625,0.002,0.5659717321395874,0.448040246963501,0.0008703218773007393
195,33590,46013,20889.301834,16,233,44.793601989746094,0.002,0.5659542679786682,0.4480249285697937,0.0008702597115188837
196,33607,46246,20896.89985,17,233,44.793601989746094,0.002,0.5659357905387878,0.4480096399784088,0.0008701910846866667
197,33623,46479,20904.4369,16,233,44.79359436035156,0.002,0.5659183859825134,0.44799432158470154,0.0008701280457898974
198,33640,46712,20912.068813,17,233,44.79358673095703,0.002,0.5658998489379883,0.44797903299331665,0.0008700600010342896
199,33656,46945,20919.61793,16,233,44.79358673095703,0.002,0.5658824443817139,0.4479637145996094,0.0008699962054379284
200,33672,47178,20927.200766,16,233,44.7935791015625,0.002,0.5658649802207947,0.44794848561286926,0.0008699313621036708
201,33689,47411,20934.796106,17,233,44.793575286865234,0.002,0.5658464431762695,0.4479331076145172,0.0008698641322553158
202,33705,47644,20942.314744,16,233,44.793575286865234,0.002,0.5658289790153503,0.44791775941848755,0.0008698005112819374
203,33722,47877,20950.05228,17,233,44.79356384277344,0.002,0.5658103227615356,0.44790250062942505,0.0008697322336956859
204,33738,48110,20957.626437,16,233,44.79356002807617,0.002,0.5657928586006165,0.4478871822357178,0.0008696695440448821
205,33755,48343,20965.235184,17,233,44.793556213378906,0.002,0.5657742023468018,0.4478718340396881,0.0008696026634424925
206,33771,48576,20972.833159,16,233,44.793548583984375,0.002,0.5657567381858826,0.4478565752506256,0.000869538402184844
207,33788,48809,20980.440093,17,233,44.793540954589844,0.002,0.5657381415367126,0.4478413164615631,0.0008694702410139143
208,33804,49042,20987.976818,16,233,44.79353713989258,0.002,0.5657206177711487,0.44782599806785583,0.0008694048738107085
209,33820,49275,20995.512165,16,233,44.79353713989258,0.002,0.5657030940055847,0.44781067967414856,0.0008693395648151636
210,33837,49508,21003.138406,17,233,44.79352951049805,0.002,0.5656844973564148,0.44779539108276367,0.0008692725095897913
211,33853,49741,21010.694805,16,233,44.79352569580078,0.002,0.565666913986206,0.4477801024913788,0.0008692072005942464
212,33870,49974,21018.319423,17,233,44.793521881103516,0.002,0.5656483173370361,0.4477648138999939,0.0008691399125382304
213,33886,50207,21026.01143,16,233,44.793514251708984,0.002,0.5656306743621826,0.447749525308609,0.0008690750692039728
214,33902,50440,21033.725905,16,233,44.79350662231445,0.002,0.5656130909919739,0.44773414731025696,0.0008690106915310025
215,33919,50673,21041.369099,17,233,44.79350662231445,0.002,0.5655943155288696,0.4477188289165497,0.0008689421229064465
216,33935,50906,21049.103078,16,233,44.793495178222656,0.002,0.5655767917633057,0.4477035105228424,0.0008688775706104934
217,33952,51139,21056.759749,17,233,44.79349136352539,0.002,0.5655580759048462,0.4476882219314575,0.0008688095258548856
218,33968,51372,21064.341896,16,233,44.793487548828125,0.002,0.5655404925346375,0.44767293334007263,0.0008687441586516798
219,33984,51605,21071.91121,16,233,44.793479919433594,0.002,0.5655227303504944,0.44765758514404297,0.0008686788496561348
220,34001,51838,21079.571352,17,233,44.79347229003906,0.002,0.5655040740966797,0.4476422667503357,0.0008686106884852052
221,34017,52071,21087.12643,16,233,44.7934684753418,0.002,0.5654864311218262,0.4476270079612732,0.0008685457869432867
222,34033,52303,21094.654182,16,232,44.79346466064453,0.002,0.5654687285423279,0.4476117193698883,0.0008659398299641907
223,34050,52535,21102.192495,17,232,44.79345703125,0.002,0.5654500126838684,0.4475964903831482,0.0008658724254928529
224,34066,52767,21109.704303,16,232,44.793453216552734,0.002,0.5654323697090149,0.4475812017917633,0.0008658073493279517
225,34082,52999,21117.231324,16,232,44.79344940185547,0.002,0.5654147267341614,0.4475659430027008,0.000865742564201355
226,34099,53231,21124.802646,17,232,44.79344177246094,0.002,0.5653960108757019,0.4475506842136383,0.0008656730060465634
227,34115,53463,21132.207549,16,232,44.79343795776367,0.002,0.5653783082962036,0.4475354254245758,0.000865608686581254
228,34131,53695,21139.659728,16,232,44.793434143066406,0.002,0.5653605461120605,0.4475201964378357,0.0008655436104163527
229,34148,53927,21148.924952,17,232,44.793426513671875,0.002,0.5653417706489563,0.4475049376487732,0.0008654765551909804
230,34164,54159,21156.634106,16,232,44.793418884277344,0.002,0.565324068069458,0.4474896490573883,0.0008654114208184183
231,34180,54391,21164.227381,16,232,44.79341506958008,0.002,0.5653063654899597,0.44747433066368103,0.0008653451222926378
232,34197,54623,21172.408481,17,232,44.79340744018555,0.002,0.5652875304222107,0.4474591314792633,0.0008652769611217082
233,34213,54855,21180.231841,16,232,44.79340362548828,0.002,0.5652697682380676,0.4474439024925232,0.0008652113028801978
234,34229,55087,21187.840995,16,232,44.79339599609375,0.002,0.5652521252632141,0.4474286139011383,0.0008651461102999747
235,34245,55319,21195.529693,16,232,44.79338836669922,0.002,0.565234363079071,0.4474134147167206,0.000865080626681447
236,34262,55551,21203.212172,17,232,44.79338455200195,0.002,0.5652154684066772,0.4473980963230133,0.000865010661073029
237,34278,55783,21210.805754,16,232,44.79338073730469,0.002,0.565197765827179,0.4473828971385956,0.0008649450028315187
238,34294,56015,21218.381623,16,232,44.79336929321289,0.002,0.5651800036430359,0.44736766815185547,0.0008648806251585484
239,34311,56247,21225.9628,17,232,44.79336166381836,0.002,0.5651611685752869,0.4473523795604706,0.0008648100774735212
240,34327,56479,21233.527929,16,232,44.793357849121094,0.002,0.5651434659957886,0.4473371207714081,0.0008647453505545855
241,34343,56711,21241.148244,16,232,44.79335021972656,0.002,0.5651257038116455,0.4473218619823456,0.0008646794594824314
242,34359,56943,21248.820586,16,232,44.79334259033203,0.002,0.5651078224182129,0.44730669260025024,0.0008646136848255992
243,34376,57175,21256.463549,17,232,44.7933349609375,0.002,0.5650889873504639,0.4472913444042206,0.0008645446505397558
244,34392,57407,21264.063142,16,232,44.7933349609375,0.002,0.565071165561676,0.44727617502212524,0.0008644787012599409
245,34408,57639,21271.648644,16,232,44.79332733154297,0.002,0.565053403377533,0.44726085662841797,0.000864414672832936
246,34425,57871,21279.274251,17,232,44.79331588745117,0.002,0.5650344491004944,0.4472455382347107,0.0008643452893011272
247,34441,58103,21286.84964,16,232,44.79331588745117,0.002,0.5650167465209961,0.44723033905029297,0.0008642793400213122
248,34457,58335,21294.42813,16,232,44.79330825805664,0.002,0.5649988651275635,0.44721513986587524,0.0008642131579108536
249,34473,58567,21302.016709,16,232,44.79330062866211,0.002,0.5649811029434204,0.44719982147216797,0.0008641474996693432
250,34490,58799,21309.630081,17,232,44.793296813964844,0.002,0.5649622082710266,0.44718462228775024,0.0008640791056677699
251,34506,59031,21317.485784,16,232,44.79328918457031,0.002,0.5649443864822388,0.44716936349868774,0.0008640126907266676
252,34522,59263,21325.273965,16,232,44.79328155517578,0.002,0.5649266242980957,0.44715407490730286,0.0008639463922008872
253,34538,59495,21332.889951,16,232,44.79327392578125,0.002,0.5649086833000183,0.44713878631591797,0.0008638817816972733
254,34555,59727,21340.469212,17,232,44.79326629638672,0.002,0.5648897886276245,0.44712355732917786,0.0008638125145807862
255,34571,59959,21348.06419,16,232,44.79326248168945,0.002,0.5648719072341919,0.44710829854011536,0.000863746099639684
256,34587,60191,21355.685196,16,232,44.79325485229492,0.002,0.5648541450500488,0.44709309935569763,0.0008636810816824436
257,34604,60423,21363.27928,17,232,44.79324722290039,0.002,0.5648351907730103,0.4470778703689575,0.000863610883243382
258,34620,60655,21370.855515,16,232,44.79323959350586,0.002,0.5648174285888672,0.44706255197525024,0.0008635439444333315
259,34636,60887,21378.426832,16,232,44.79323196411133,0.002,0.5647994875907898,0.44704729318618774,0.0008634770638309419
260,34652,61119,21386.00318,16,232,44.79322814941406,0.002,0.5647817254066467,0.44703209400177,0.0008634114055894315
261,34669,61351,21393.626806,17,232,44.79322052001953,0.002,0.5647627711296082,0.44701677560806274,0.0008633420802652836
262,34685,61583,21401.25178,16,232,44.793212890625,0.002,0.5647448301315308,0.44700151681900024,0.0008632760727778077
263,34701,61815,21408.86028,16,232,44.793209075927734,0.002,0.5647269487380981,0.4469863176345825,0.0008632107055746019
264,34717,62047,21416.453984,16,232,44.7932014465332,0.002,0.5647090673446655,0.44697105884552,0.000863142660818994
265,34734,62279,21424.333362,17,232,44.79319381713867,0.002,0.564690113067627,0.4469558000564575,0.0008630729280412197
266,34750,62511,21431.91602,16,232,44.79317855834961,0.002,0.5646722912788391,0.44694051146507263,0.0008630065713077784
267,34766,62743,21439.508641,16,232,44.793174743652344,0.002,0.5646544694900513,0.4469253122806549,0.0008629405638203025
268,34783,62975,21447.207027,17,232,44.79316711425781,0.002,0.5646355152130127,0.4469100534915924,0.0008628697833046317
269,34799,63207,21454.813373,16,232,44.79315948486328,0.002,0.5646176338195801,0.4468948245048523,0.0008628045325167477
270,34815,63439,21462.411281,16,232,44.793155670166016,0.002,0.5645997524261475,0.4468795955181122,0.0008627392817288637
271,34831,63671,21470.024896,16,232,44.793148040771484,0.002,0.5645818114280701,0.44686436653137207,0.0008626732742413878
272,34848,63903,21477.682228,17,232,44.79313659667969,0.002,0.5645629167556763,0.4468490481376648,0.0008626026101410389
273,34864,64134,21485.243108,16,231,44.79313278198242,0.002,0.5645450949668884,0.4468338191509247,0.0008599963621236384
274,34880,64365,21492.766995,16,231,44.79312515258789,0.002,0.5645272135734558,0.44681861996650696,0.0008599312859587371
275,34896,64596,21500.334083,16,231,44.79311752319336,0.002,0.5645093321800232,0.44680339097976685,0.000859864812809974
276,34913,64827,21507.958032,17,231,44.79310989379883,0.002,0.5644903182983398,0.4467882215976715,0.0008597957203164697
277,34929,65058,21515.538744,16,231,44.79310607910156,0.002,0.5644724369049072,0.4467730224132538,0.0008597291889600456
278,34942,65058,21516.0339,13,0,44.793094635009766,0.002,0.5644578337669373,0.44675782322883606,0.0
